SampleID	Class	Var1	Var2	Var3	Var4	Var5	Var6	Var7	Var8	Var9	Var10	Var11	Var12	Var13	Var14	Var15	Var16	Var17	Var18
CLL2	Progressed	YES	NA	POSITIVE	NEGATIVE	POSITIVE	NEGATIVE	WILDTYPE	WILDTYPE	WILDTYPE	WILDTYPE	MUTANT	WILDTYPE	WILDTYPE	WILDTYPE	NEGATIVE	NEGATIVE	NEGATIVE	5
CLL3	Progressed	NO	NA	NEGATIVE	NEGATIVE	NEGATIVE	NEGATIVE	MUTANT	WILDTYPE	WILDTYPE	WILDTYPE	WILDTYPE	WILDTYPE	WILDTYPE	WILDTYPE	NEGATIVE	NEGATIVE	NEGATIVE	21
CLL4	Progressed	NO	UM	NEGATIVE	POSITIVE	NEGATIVE	NEGATIVE	WILDTYPE	WILDTYPE	WILDTYPE	WILDTYPE	WILDTYPE	WILDTYPE	MUTANT	WILDTYPE	NEGATIVE	NEGATIVE	NEGATIVE	26
CLL5	Progressed	NO	M	POSITIVE	NEGATIVE	NEGATIVE	NEGATIVE	WILDTYPE	WILDTYPE	MUTANT	WILDTYPE	WILDTYPE	WILDTYPE	MUTANT	WILDTYPE	NEGATIVE	NEGATIVE	NEGATIVE	37
CLL6	Progressed	NO	UM	POSITIVE	NEGATIVE	NEGATIVE	NEGATIVE	WILDTYPE	WILDTYPE	WILDTYPE	WILDTYPE	MUTANT	WILDTYPE	WILDTYPE	WILDTYPE	NEGATIVE	NEGATIVE	NEGATIVE	13
CLL7	Progressed	YES	UM	NEGATIVE	NEGATIVE	NEGATIVE	NEGATIVE	WILDTYPE	WILDTYPE	WILDTYPE	WILDTYPE	WILDTYPE	WILDTYPE	WILDTYPE	WILDTYPE	NEGATIVE	NEGATIVE	NEGATIVE	19
CLL9	Progressed	NA	NA	NA	NA	NA	NA	NA	NA	NA	NA	NA	NA	NA	NA	NA	NA	NA	53
CLL10	Progressed	NA	NA	NA	NA	NA	NA	NA	NA	NA	NA	NA	NA	NA	NA	NA	NA	NA	63
CLL11	Progressed	NA	NA	NA	NA	NA	NA	NA	NA	NA	NA	NA	NA	NA	NA	NA	NA	NA	28
CLL17	Progressed	NO	M	POSITIVE	NEGATIVE	NEGATIVE	NEGATIVE	MUTANT	MUTANT	WILDTYPE	WILDTYPE	WILDTYPE	WILDTYPE	MUTANT	WILDTYPE	NEGATIVE	NEGATIVE	NEGATIVE	46
CLL18	Progressed	NO	M	POSITIVE	NEGATIVE	NEGATIVE	NEGATIVE	WILDTYPE	WILDTYPE	WILDTYPE	WILDTYPE	WILDTYPE	WILDTYPE	WILDTYPE	WILDTYPE	NEGATIVE	NEGATIVE	NEGATIVE	51
CLL19	Progressed	NO	UM	NEGATIVE	POSITIVE	NEGATIVE	POSITIVE	WILDTYPE	WILDTYPE	WILDTYPE	WILDTYPE	WILDTYPE	WILDTYPE	WILDTYPE	WILDTYPE	NEGATIVE	NEGATIVE	NEGATIVE	24
CLL24	Progressed	NO	UM	NEGATIVE	POSITIVE	NEGATIVE	NEGATIVE	WILDTYPE	WILDTYPE	WILDTYPE	WILDTYPE	WILDTYPE	WILDTYPE	MUTANT	WILDTYPE	NEGATIVE	NEGATIVE	NEGATIVE	63
CLL29	Progressed	NO	NA	NEGATIVE	NEGATIVE	NEGATIVE	NEGATIVE	WILDTYPE	WILDTYPE	WILDTYPE	WILDTYPE	WILDTYPE	WILDTYPE	WILDTYPE	WILDTYPE	NEGATIVE	NEGATIVE	NEGATIVE	16
CLL31	Progressed	NO	M	POSITIVE	NEGATIVE	NEGATIVE	NEGATIVE	WILDTYPE	WILDTYPE	WILDTYPE	WILDTYPE	WILDTYPE	WILDTYPE	MUTANT	WILDTYPE	NEGATIVE	NEGATIVE	NEGATIVE	43
CLL32	Progressed	NO	UM	POSITIVE	NEGATIVE	NEGATIVE	NEGATIVE	WILDTYPE	MUTANT	WILDTYPE	WILDTYPE	WILDTYPE	WILDTYPE	WILDTYPE	WILDTYPE	NEGATIVE	NEGATIVE	NEGATIVE	12
CLL50	Progressed	NO	UM	NEGATIVE	NEGATIVE	NEGATIVE	NEGATIVE	NA	NA	NA	NA	NA	NA	NA	NA	NA	NA	NA	72
CLL51	Progressed	NO	UM	POSITIVE	NEGATIVE	POSITIVE	NEGATIVE	WILDTYPE	WILDTYPE	WILDTYPE	WILDTYPE	WILDTYPE	WILDTYPE	MUTANT	WILDTYPE	NEGATIVE	NEGATIVE	NEGATIVE	96
CLL21	Non-progressed	NO	M	NEGATIVE	NEGATIVE	NEGATIVE	NEGATIVE	NA	NA	NA	NA	NA	NA	NA	NA	NA	NA	NA	NA
CLL22	Non-progressed	NO	M	POSITIVE	POSITIVE	NEGATIVE	NEGATIVE	NA	NA	NA	NA	NA	NA	NA	NA	NA	NA	NA	NA
CLL23	Non-progressed	NO	M	POSITIVE	NEGATIVE	POSITIVE	NEGATIVE	NA	NA	NA	NA	NA	NA	NA	NA	NA	NA	NA	NA
CLL26	Non-progressed	NO	M	NEGATIVE	NEGATIVE	NEGATIVE	NEGATIVE	WILDTYPE	WILDTYPE	WILDTYPE	WILDTYPE	WILDTYPE	WILDTYPE	WILDTYPE	WILDTYPE	NEGATIVE	NEGATIVE	NEGATIVE	NA
CLL42	Non-progressed	NO	UM	NEGATIVE	POSITIVE	NEGATIVE	POSITIVE	WILDTYPE	WILDTYPE	WILDTYPE	WILDTYPE	WILDTYPE	WILDTYPE	WILDTYPE	WILDTYPE	NEGATIVE	NEGATIVE	NEGATIVE	NA
CLL44	Non-progressed	NO	M	NEGATIVE	NEGATIVE	NEGATIVE	NEGATIVE	MUTANT	WILDTYPE	WILDTYPE	WILDTYPE	WILDTYPE	WILDTYPE	WILDTYPE	WILDTYPE	NEGATIVE	NEGATIVE	NEGATIVE	NA
CLL45	Non-progressed	NO	NA	POSITIVE	NEGATIVE	NEGATIVE	NEGATIVE	WILDTYPE	WILDTYPE	WILDTYPE	WILDTYPE	WILDTYPE	WILDTYPE	MUTANT	WILDTYPE	NEGATIVE	NEGATIVE	NEGATIVE	NA
CLL46	Non-progressed	NO	M	POSITIVE	POSITIVE	NEGATIVE	POSITIVE	WILDTYPE	WILDTYPE	WILDTYPE	WILDTYPE	WILDTYPE	WILDTYPE	MUTANT	WILDTYPE	NEGATIVE	NEGATIVE	MUTANT	NA
CLL48	Non-progressed	NO	M	NA	NA	NA	NA	WILDTYPE	WILDTYPE	WILDTYPE	WILDTYPE	WILDTYPE	WILDTYPE	WILDTYPE	WILDTYPE	NEGATIVE	NEGATIVE	NEGATIVE	NA
CLL47	Non-progressed	NO	NA	POSITIVE	NEGATIVE	NEGATIVE	NEGATIVE	WILDTYPE	WILDTYPE	WILDTYPE	WILDTYPE	WILDTYPE	WILDTYPE	WILDTYPE	WILDTYPE	NEGATIVE	NEGATIVE	MUTANT	NA
