PatientID	Group	Timetoprogression	Richter	IGHV	del(13q)	trisomy12	del(11q)	del(17p)	MYD88	NOTCH1	SF3B1	BIRC3	TP53	XPO1	ATM	POT1	EGR2	NFKBIE	FBWX7
CLL2	Progressed	5	YES	NA	POSITIVE	NEGATIVE	POSITIVE	NEGATIVE	WILDTYPE	WILDTYPE	WILDTYPE	WILDTYPE	MUTANT	WILDTYPE	WILDTYPE	WILDTYPE	NEGATIVE	NEGATIVE	NEGATIVE
CLL3	Progressed	21	NO	NA	NEGATIVE	NEGATIVE	NEGATIVE	NEGATIVE	MUTANT	WILDTYPE	WILDTYPE	WILDTYPE	WILDTYPE	WILDTYPE	WILDTYPE	WILDTYPE	NEGATIVE	NEGATIVE	NEGATIVE
CLL4	Progressed	26	NO	UM	NEGATIVE	POSITIVE	NEGATIVE	NEGATIVE	WILDTYPE	WILDTYPE	WILDTYPE	WILDTYPE	WILDTYPE	WILDTYPE	MUTANT	WILDTYPE	NEGATIVE	NEGATIVE	NEGATIVE
CLL5	Progressed	37	NO	M	POSITIVE	NEGATIVE	NEGATIVE	NEGATIVE	WILDTYPE	WILDTYPE	MUTANT	WILDTYPE	WILDTYPE	WILDTYPE	MUTANT	WILDTYPE	NEGATIVE	NEGATIVE	NEGATIVE
CLL6	Progressed	13	NO	UM	POSITIVE	NEGATIVE	NEGATIVE	NEGATIVE	WILDTYPE	WILDTYPE	WILDTYPE	WILDTYPE	MUTANT	WILDTYPE	WILDTYPE	WILDTYPE	NEGATIVE	NEGATIVE	NEGATIVE
CLL7	Progressed	19	YES	UM	NEGATIVE	NEGATIVE	NEGATIVE	NEGATIVE	WILDTYPE	WILDTYPE	WILDTYPE	WILDTYPE	WILDTYPE	WILDTYPE	WILDTYPE	WILDTYPE	NEGATIVE	NEGATIVE	NEGATIVE
CLL9	Progressed	53	NA	NA	NA	NA	NA	NA	NA	NA	NA	NA	NA	NA	NA	NA	NA	NA	NA
CLL10	Progressed	63	NA	NA	NA	NA	NA	NA	NA	NA	NA	NA	NA	NA	NA	NA	NA	NA	NA
CLL11	Progressed	28	NA	NA	NA	NA	NA	NA	NA	NA	NA	NA	NA	NA	NA	NA	NA	NA	NA
CLL17	Progressed	46	NO	M	POSITIVE	NEGATIVE	NEGATIVE	NEGATIVE	MUTANT	MUTANT	WILDTYPE	WILDTYPE	WILDTYPE	WILDTYPE	MUTANT	WILDTYPE	NEGATIVE	NEGATIVE	NEGATIVE
CLL18	Progressed	51	NO	M	POSITIVE	NEGATIVE	NEGATIVE	NEGATIVE	WILDTYPE	WILDTYPE	WILDTYPE	WILDTYPE	WILDTYPE	WILDTYPE	WILDTYPE	WILDTYPE	NEGATIVE	NEGATIVE	NEGATIVE
CLL19	Progressed	24	NO	UM	NEGATIVE	POSITIVE	NEGATIVE	POSITIVE	WILDTYPE	WILDTYPE	WILDTYPE	WILDTYPE	WILDTYPE	WILDTYPE	WILDTYPE	WILDTYPE	NEGATIVE	NEGATIVE	NEGATIVE
CLL24	Progressed	63	NO	UM	NEGATIVE	POSITIVE	NEGATIVE	NEGATIVE	WILDTYPE	WILDTYPE	WILDTYPE	WILDTYPE	WILDTYPE	WILDTYPE	MUTANT	WILDTYPE	NEGATIVE	NEGATIVE	NEGATIVE
CLL29	Progressed	16	NO	NA	NEGATIVE	NEGATIVE	NEGATIVE	NEGATIVE	WILDTYPE	WILDTYPE	WILDTYPE	WILDTYPE	WILDTYPE	WILDTYPE	WILDTYPE	WILDTYPE	NEGATIVE	NEGATIVE	NEGATIVE
CLL31	Progressed	43	NO	M	POSITIVE	NEGATIVE	NEGATIVE	NEGATIVE	WILDTYPE	WILDTYPE	WILDTYPE	WILDTYPE	WILDTYPE	WILDTYPE	MUTANT	WILDTYPE	NEGATIVE	NEGATIVE	NEGATIVE
CLL32	Progressed	12	NO	UM	POSITIVE	NEGATIVE	NEGATIVE	NEGATIVE	WILDTYPE	MUTANT	WILDTYPE	WILDTYPE	WILDTYPE	WILDTYPE	WILDTYPE	WILDTYPE	NEGATIVE	NEGATIVE	NEGATIVE
CLL50	Progressed	72	NO	UM	NEGATIVE	NEGATIVE	NEGATIVE	NEGATIVE	NA	NA	NA	NA	NA	NA	NA	NA	NA	NA	NA
CLL51	Progressed	96	NO	UM	POSITIVE	NEGATIVE	POSITIVE	NEGATIVE	WILDTYPE	WILDTYPE	WILDTYPE	WILDTYPE	WILDTYPE	WILDTYPE	MUTANT	WILDTYPE	NEGATIVE	NEGATIVE	NEGATIVE
CLL21	Non-progressed	NA	NO	M	NEGATIVE	NEGATIVE	NEGATIVE	NEGATIVE	NA	NA	NA	NA	NA	NA	NA	NA	NA	NA	NA
CLL22	Non-progressed	NA	NO	M	POSITIVE	POSITIVE	NEGATIVE	NEGATIVE	NA	NA	NA	NA	NA	NA	NA	NA	NA	NA	NA
CLL23	Non-progressed	NA	NO	M	POSITIVE	NEGATIVE	POSITIVE	NEGATIVE	NA	NA	NA	NA	NA	NA	NA	NA	NA	NA	NA
CLL26	Non-progressed	NA	NO	M	NEGATIVE	NEGATIVE	NEGATIVE	NEGATIVE	WILDTYPE	WILDTYPE	WILDTYPE	WILDTYPE	WILDTYPE	WILDTYPE	WILDTYPE	WILDTYPE	NEGATIVE	NEGATIVE	NEGATIVE
CLL42	Non-progressed	NA	NO	UM	NEGATIVE	POSITIVE	NEGATIVE	POSITIVE	WILDTYPE	WILDTYPE	WILDTYPE	WILDTYPE	WILDTYPE	WILDTYPE	WILDTYPE	WILDTYPE	NEGATIVE	NEGATIVE	NEGATIVE
CLL44	Non-progressed	NA	NO	M	NEGATIVE	NEGATIVE	NEGATIVE	NEGATIVE	MUTANT	WILDTYPE	WILDTYPE	WILDTYPE	WILDTYPE	WILDTYPE	WILDTYPE	WILDTYPE	NEGATIVE	NEGATIVE	NEGATIVE
CLL45	Non-progressed	NA	NO	NA	POSITIVE	NEGATIVE	NEGATIVE	NEGATIVE	WILDTYPE	WILDTYPE	WILDTYPE	WILDTYPE	WILDTYPE	WILDTYPE	MUTANT	WILDTYPE	NEGATIVE	NEGATIVE	NEGATIVE
CLL46	Non-progressed	NA	NO	M	POSITIVE	POSITIVE	NEGATIVE	POSITIVE	WILDTYPE	WILDTYPE	WILDTYPE	WILDTYPE	WILDTYPE	WILDTYPE	MUTANT	WILDTYPE	NEGATIVE	NEGATIVE	MUTANT
CLL48	Non-progressed	NA	NO	M	NA	NA	NA	NA	WILDTYPE	WILDTYPE	WILDTYPE	WILDTYPE	WILDTYPE	WILDTYPE	WILDTYPE	WILDTYPE	NEGATIVE	NEGATIVE	NEGATIVE
CLL47	Non-progressed	NA	NO	NA	POSITIVE	NEGATIVE	NEGATIVE	NEGATIVE	WILDTYPE	WILDTYPE	WILDTYPE	WILDTYPE	WILDTYPE	WILDTYPE	WILDTYPE	WILDTYPE	NEGATIVE	NEGATIVE	MUTANT
