PatientID	Group	Richter	IGHV	del(13q)	trisomy12	del(11q)	del(17p)	MYD88	NOTCH1	SF3B1	BIRC3	TP53	XPO1	ATM	POT1	EGR2	NFKBIE	FBWX7	Timetoprogression	TimeDec
CLL2	Progressed	YES	NA	POSITIVE	NEGATIVE	POSITIVE	NEGATIVE	WILDTYPE	WILDTYPE	WILDTYPE	WILDTYPE	MUTANT	WILDTYPE	WILDTYPE	WILDTYPE	NEGATIVE	NEGATIVE	NEGATIVE	5	0.2
CLL3	Progressed	NO	NA	NEGATIVE	NEGATIVE	NEGATIVE	NEGATIVE	MUTANT	WILDTYPE	WILDTYPE	WILDTYPE	WILDTYPE	WILDTYPE	WILDTYPE	WILDTYPE	NEGATIVE	NEGATIVE	NEGATIVE	21	5
CLL4	Progressed	NO	UM	NEGATIVE	POSITIVE	NEGATIVE	NEGATIVE	WILDTYPE	WILDTYPE	WILDTYPE	WILDTYPE	WILDTYPE	WILDTYPE	MUTANT	WILDTYPE	NEGATIVE	NEGATIVE	NEGATIVE	26	3.5
CLL5	Progressed	NO	M	POSITIVE	NEGATIVE	NEGATIVE	NEGATIVE	WILDTYPE	WILDTYPE	MUTANT	WILDTYPE	WILDTYPE	WILDTYPE	MUTANT	WILDTYPE	NEGATIVE	NEGATIVE	NEGATIVE	37	3.7
CLL6	Progressed	NO	UM	POSITIVE	NEGATIVE	NEGATIVE	NEGATIVE	WILDTYPE	WILDTYPE	WILDTYPE	WILDTYPE	MUTANT	WILDTYPE	WILDTYPE	WILDTYPE	NEGATIVE	NEGATIVE	NEGATIVE	13	1.3
CLL7	Progressed	YES	UM	NEGATIVE	NEGATIVE	NEGATIVE	NEGATIVE	WILDTYPE	WILDTYPE	WILDTYPE	WILDTYPE	WILDTYPE	WILDTYPE	WILDTYPE	WILDTYPE	NEGATIVE	NEGATIVE	NEGATIVE	19	1.9
CLL9	Progressed	NA	NA	NA	NA	NA	NA	NA	NA	NA	NA	NA	NA	NA	NA	NA	NA	NA	53	5
CLL10	Progressed	NA	NA	NA	NA	NA	NA	NA	NA	NA	NA	NA	NA	NA	NA	NA	NA	NA	63	2.6
CLL11	Progressed	NA	NA	NA	NA	NA	NA	NA	NA	NA	NA	NA	NA	NA	NA	NA	NA	NA	28	12
CLL17	Progressed	NO	M	POSITIVE	NEGATIVE	NEGATIVE	NEGATIVE	MUTANT	MUTANT	WILDTYPE	WILDTYPE	WILDTYPE	WILDTYPE	MUTANT	WILDTYPE	NEGATIVE	NEGATIVE	NEGATIVE	46	2.5
CLL18	Progressed	NO	M	POSITIVE	NEGATIVE	NEGATIVE	NEGATIVE	WILDTYPE	WILDTYPE	WILDTYPE	WILDTYPE	WILDTYPE	WILDTYPE	WILDTYPE	WILDTYPE	NEGATIVE	NEGATIVE	NEGATIVE	51	8
CLL19	Progressed	NO	UM	NEGATIVE	POSITIVE	NEGATIVE	POSITIVE	WILDTYPE	WILDTYPE	WILDTYPE	WILDTYPE	WILDTYPE	WILDTYPE	WILDTYPE	WILDTYPE	NEGATIVE	NEGATIVE	NEGATIVE	24	0.45
CLL24	Progressed	NO	UM	NEGATIVE	POSITIVE	NEGATIVE	NEGATIVE	WILDTYPE	WILDTYPE	WILDTYPE	WILDTYPE	WILDTYPE	WILDTYPE	MUTANT	WILDTYPE	NEGATIVE	NEGATIVE	NEGATIVE	63	23
CLL29	Progressed	NO	NA	NEGATIVE	NEGATIVE	NEGATIVE	NEGATIVE	WILDTYPE	WILDTYPE	WILDTYPE	WILDTYPE	WILDTYPE	WILDTYPE	WILDTYPE	WILDTYPE	NEGATIVE	NEGATIVE	NEGATIVE	16	21
CLL31	Progressed	NO	M	POSITIVE	NEGATIVE	NEGATIVE	NEGATIVE	WILDTYPE	WILDTYPE	WILDTYPE	WILDTYPE	WILDTYPE	WILDTYPE	MUTANT	WILDTYPE	NEGATIVE	NEGATIVE	NEGATIVE	43	41
CLL32	Progressed	NO	UM	POSITIVE	NEGATIVE	NEGATIVE	NEGATIVE	WILDTYPE	MUTANT	WILDTYPE	WILDTYPE	WILDTYPE	WILDTYPE	WILDTYPE	WILDTYPE	NEGATIVE	NEGATIVE	NEGATIVE	12	1.5
CLL50	Progressed	NO	UM	NEGATIVE	NEGATIVE	NEGATIVE	NEGATIVE	NA	NA	NA	NA	NA	NA	NA	NA	NA	NA	NA	72	7.2
CLL51	Progressed	NO	UM	POSITIVE	NEGATIVE	POSITIVE	NEGATIVE	WILDTYPE	WILDTYPE	WILDTYPE	WILDTYPE	WILDTYPE	WILDTYPE	MUTANT	WILDTYPE	NEGATIVE	NEGATIVE	NEGATIVE	96	9.6
CLL21	Non-progressed	NO	M	NEGATIVE	NEGATIVE	NEGATIVE	NEGATIVE	NA	NA	NA	NA	NA	NA	NA	NA	NA	NA	NA	NA	NA
CLL22	Non-progressed	NO	M	POSITIVE	POSITIVE	NEGATIVE	NEGATIVE	NA	NA	NA	NA	NA	NA	NA	NA	NA	NA	NA	NA	NA
CLL23	Non-progressed	NO	M	POSITIVE	NEGATIVE	POSITIVE	NEGATIVE	NA	NA	NA	NA	NA	NA	NA	NA	NA	NA	NA	NA	NA
CLL26	Non-progressed	NO	M	NEGATIVE	NEGATIVE	NEGATIVE	NEGATIVE	WILDTYPE	WILDTYPE	WILDTYPE	WILDTYPE	WILDTYPE	WILDTYPE	WILDTYPE	WILDTYPE	NEGATIVE	NEGATIVE	NEGATIVE	NA	NA
CLL42	Non-progressed	NO	UM	NEGATIVE	POSITIVE	NEGATIVE	POSITIVE	WILDTYPE	WILDTYPE	WILDTYPE	WILDTYPE	WILDTYPE	WILDTYPE	WILDTYPE	WILDTYPE	NEGATIVE	NEGATIVE	NEGATIVE	NA	NA
CLL44	Non-progressed	NO	M	NEGATIVE	NEGATIVE	NEGATIVE	NEGATIVE	MUTANT	WILDTYPE	WILDTYPE	WILDTYPE	WILDTYPE	WILDTYPE	WILDTYPE	WILDTYPE	NEGATIVE	NEGATIVE	NEGATIVE	NA	NA
CLL45	Non-progressed	NO	NA	POSITIVE	NEGATIVE	NEGATIVE	NEGATIVE	WILDTYPE	WILDTYPE	WILDTYPE	WILDTYPE	WILDTYPE	WILDTYPE	MUTANT	WILDTYPE	NEGATIVE	NEGATIVE	NEGATIVE	NA	NA
CLL46	Non-progressed	NO	M	POSITIVE	POSITIVE	NEGATIVE	POSITIVE	WILDTYPE	WILDTYPE	WILDTYPE	WILDTYPE	WILDTYPE	WILDTYPE	MUTANT	WILDTYPE	NEGATIVE	NEGATIVE	MUTANT	NA	NA
CLL48	Non-progressed	NO	M	NA	NA	NA	NA	WILDTYPE	WILDTYPE	WILDTYPE	WILDTYPE	WILDTYPE	WILDTYPE	WILDTYPE	WILDTYPE	NEGATIVE	NEGATIVE	NEGATIVE	NA	NA
CLL47	Non-progressed	NO	NA	POSITIVE	NEGATIVE	NEGATIVE	NEGATIVE	WILDTYPE	WILDTYPE	WILDTYPE	WILDTYPE	WILDTYPE	WILDTYPE	WILDTYPE	WILDTYPE	NEGATIVE	NEGATIVE	MUTANT	NA	NA
