Patient ID	Group	Time to progression	Time2	NumDec	Richter 	IGHV	del(13q)	trisomy 12	del(11q)	del(17p)	MYD88	NOTCH1	SF3B1	BIRC3	TP53	XPO1	ATM	POT1	EGR2	NFKBIE	FBWX7
CLL2	Progressed	5	5	0.2	YES	NA	POSITIVE	NEGATIVE	POSITIVE	NEGATIVE	WILDTYPE	WILDTYPE	WILDTYPE	WILDTYPE	MUTANT	WILDTYPE	WILDTYPE	WILDTYPE	NEGATIVE	NEGATIVE	NEGATIVE
CLL3	Progressed	21	21	1.56	NO	NA	NEGATIVE	NEGATIVE	NEGATIVE	NEGATIVE	MUTANT	WILDTYPE	WILDTYPE	WILDTYPE	WILDTYPE	WILDTYPE	WILDTYPE	WILDTYPE	NEGATIVE	NEGATIVE	NEGATIVE
CLL4	Progressed	26	26	23.14	NO	UM 	NEGATIVE	POSITIVE	NEGATIVE	NEGATIVE	WILDTYPE	WILDTYPE	WILDTYPE	WILDTYPE	WILDTYPE	WILDTYPE	MUTANT	WILDTYPE	NEGATIVE	NEGATIVE	NEGATIVE
CLL5	Progressed	37	37	12.5	NO	M	POSITIVE	NEGATIVE	NEGATIVE	NEGATIVE	WILDTYPE	WILDTYPE	MUTANT	WILDTYPE	WILDTYPE	WILDTYPE	MUTANT	WILDTYPE	NEGATIVE	NEGATIVE	NEGATIVE
CLL6	Progressed	13	13	0.2	NO	UM	POSITIVE	NEGATIVE	NEGATIVE	NEGATIVE	WILDTYPE	WILDTYPE	WILDTYPE	WILDTYPE	MUTANT	WILDTYPE	WILDTYPE	WILDTYPE	NEGATIVE	NEGATIVE	NEGATIVE
CLL7	Progressed	19	19	1.8	YES	UM	NEGATIVE	NEGATIVE	NEGATIVE	NEGATIVE	WILDTYPE	WILDTYPE	WILDTYPE	WILDTYPE	WILDTYPE	WILDTYPE	WILDTYPE	WILDTYPE	NEGATIVE	NEGATIVE	NEGATIVE
CLL9	Progressed	53	53	1.5	NA	NA	NA	NA	NA	NA	NA	NA	NA	NA	NA	NA	NA	NA	NA	NA	NA
CLL10	Progressed	63	63	1.4	NA	NA	NA	NA	NA	NA	NA	NA	NA	NA	NA	NA	NA	NA	NA	NA	NA
CLL11 	Progressed	28	28	23	NA	NA	NA	NA	NA	NA	NA	NA	NA	NA	NA	NA	NA	NA	NA	NA	NA
CLL17	Progressed	46	46	14	NO	M	POSITIVE	NEGATIVE	NEGATIVE	NEGATIVE	MUTANT	MUTANT	WILDTYPE	WILDTYPE	WILDTYPE	WILDTYPE	MUTANT	WILDTYPE	NEGATIVE	NEGATIVE	NEGATIVE
CLL18	Progressed	51	51	19	NO	M	POSITIVE	NEGATIVE	NEGATIVE	NEGATIVE	WILDTYPE	WILDTYPE	WILDTYPE	WILDTYPE	WILDTYPE	WILDTYPE	WILDTYPE	WILDTYPE	NEGATIVE	NEGATIVE	NEGATIVE
CLL19	Progressed	24	24	7.5	NO	UM	NEGATIVE	POSITIVE	NEGATIVE	POSITIVE	WILDTYPE	WILDTYPE	WILDTYPE	WILDTYPE	WILDTYPE	WILDTYPE	WILDTYPE	WILDTYPE	NEGATIVE	NEGATIVE	NEGATIVE
CLL20 	Progressed	13	13	34	NO	UM	NEGATIVE	POSITIVE	NEGATIVE	NEGATIVE	WILDTYPE	WILDTYPE	WILDTYPE	WILDTYPE	WILDTYPE	WILDTYPE	WILDTYPE	WILDTYPE	NEGATIVE	NEGATIVE	NEGATIVE
CLL24	Progressed	63	63	11	NO	UM	NEGATIVE	POSITIVE	NEGATIVE	NEGATIVE	WILDTYPE	WILDTYPE	WILDTYPE	WILDTYPE	WILDTYPE	WILDTYPE	MUTANT	WILDTYPE	NEGATIVE	NEGATIVE	NEGATIVE
CLL29	Progressed	16	16	16	NO	NA	NEGATIVE	NEGATIVE	NEGATIVE	NEGATIVE	WILDTYPE	WILDTYPE	WILDTYPE	WILDTYPE	WILDTYPE	WILDTYPE	WILDTYPE	WILDTYPE	NEGATIVE	NEGATIVE	NEGATIVE
CLL31	Progressed	43	43	1.4	NO	M	POSITIVE	NEGATIVE	NEGATIVE	NEGATIVE	WILDTYPE	WILDTYPE	WILDTYPE	WILDTYPE	WILDTYPE	WILDTYPE	MUTANT	WILDTYPE	NEGATIVE	NEGATIVE	NEGATIVE
CLL32	Progressed	12	12	15.24	NO	UM	POSITIVE	NEGATIVE	NEGATIVE	NEGATIVE	WILDTYPE	MUTANT	WILDTYPE	WILDTYPE	WILDTYPE	WILDTYPE	WILDTYPE	WILDTYPE	NEGATIVE	NEGATIVE	NEGATIVE
CLL50	Progressed	72	72	7.15	NO	UM	NEGATIVE	NEGATIVE	NEGATIVE	NEGATIVE	NA	NA	NA	NA	NA	NA	NA	NA	NA	NA	NA
CLL51	Progressed	96	96	9	NO	UM	POSITIVE	NEGATIVE	POSITIVE	NEGATIVE	WILDTYPE	WILDTYPE	WILDTYPE	WILDTYPE	WILDTYPE	WILDTYPE	MUTANT	WILDTYPE	NEGATIVE	NEGATIVE	NEGATIVE
CLL21	Non-progressed		NA	NA	NO	M	NEGATIVE	NEGATIVE	NEGATIVE	NEGATIVE	NA	NA	NA	NA	NA	NA	NA	NA	NA	NA	NA
CLL22	Non-progressed		NA	NA	NO	M	POSITIVE	POSITIVE	NEGATIVE	NEGATIVE	NA	NA	NA	NA	NA	NA	NA	NA	NA	NA	NA
CLL23	Non-progressed		NA	NA	NO	M	POSITIVE	NEGATIVE	POSITIVE	NEGATIVE	NA	NA	NA	NA	NA	NA	NA	NA	NA	NA	NA
CLL26	Non-progressed		NA		NO	M	NEGATIVE	NEGATIVE	NEGATIVE	NEGATIVE	WILDTYPE	WILDTYPE	WILDTYPE	WILDTYPE	WILDTYPE	WILDTYPE	WILDTYPE	WILDTYPE	NEGATIVE	NEGATIVE	NEGATIVE
CLL42	Non-progressed		NA		NO	UM	NEGATIVE	POSITIVE	NEGATIVE	POSITIVE	WILDTYPE	WILDTYPE	WILDTYPE	WILDTYPE	WILDTYPE	WILDTYPE	WILDTYPE	WILDTYPE	NEGATIVE	NEGATIVE	NEGATIVE
CLL44	Non-progressed		NA		NO	M	NEGATIVE	NEGATIVE	NEGATIVE	NEGATIVE	MUTANT	WILDTYPE	WILDTYPE	WILDTYPE	WILDTYPE	WILDTYPE	WILDTYPE	WILDTYPE	NEGATIVE	NEGATIVE	NEGATIVE
CLL45	Non-progressed		NA		NO	NA	POSITIVE	NEGATIVE	NEGATIVE	NEGATIVE	WILDTYPE	WILDTYPE	WILDTYPE	WILDTYPE	WILDTYPE	WILDTYPE	MUTANT	WILDTYPE	NEGATIVE	NEGATIVE	NEGATIVE
CLL46	Non-progressed		NA		NO	M	POSITIVE	POSITIVE	NEGATIVE	POSITIVE	WILDTYPE	WILDTYPE	WILDTYPE	WILDTYPE	WILDTYPE	WILDTYPE	MUTANT	WILDTYPE	NEGATIVE	NEGATIVE	MUTANT
CLL48 	Non-progressed		NA		NO	M	NA	NA	NA	NA	WILDTYPE	WILDTYPE	WILDTYPE	WILDTYPE	WILDTYPE	WILDTYPE	WILDTYPE	WILDTYPE	NEGATIVE	NEGATIVE	NEGATIVE
CLL47	Non-progressed		NA		NO	NA	POSITIVE	NEGATIVE	NEGATIVE	NEGATIVE	WILDTYPE	WILDTYPE	WILDTYPE	WILDTYPE	WILDTYPE	WILDTYPE	WILDTYPE	WILDTYPE	NEGATIVE	NEGATIVE	MUTANT
